Puntaje;Porcentaje;Nota;Estado según corte
100;100,0%;7,0;Cumple exigencia
99;99,0%;6,9;Cumple exigencia
98;98,0%;6,9;Cumple exigencia
97;97,0%;6,8;Cumple exigencia
96;96,0%;6,7;Cumple exigencia
95;95,0%;6,6;Cumple exigencia
94;94,0%;6,6;Cumple exigencia
93;93,0%;6,5;Cumple exigencia
92;92,0%;6,4;Cumple exigencia
91;91,0%;6,3;Cumple exigencia
90;90,0%;6,3;Cumple exigencia
89;89,0%;6,2;Cumple exigencia
88;88,0%;6,1;Cumple exigencia
87;87,0%;6,0;Cumple exigencia
86;86,0%;6,0;Cumple exigencia
85;85,0%;5,9;Cumple exigencia
84;84,0%;5,8;Cumple exigencia
83;83,0%;5,7;Cumple exigencia
82;82,0%;5,7;Cumple exigencia
81;81,0%;5,6;Cumple exigencia
80;80,0%;5,5;Cumple exigencia
79;79,0%;5,4;Cumple exigencia
78;78,0%;5,4;Cumple exigencia
77;77,0%;5,3;Cumple exigencia
76;76,0%;5,2;Cumple exigencia
75;75,0%;5,1;Cumple exigencia
74;74,0%;5,1;Cumple exigencia
73;73,0%;5,0;Cumple exigencia
72;72,0%;4,9;Cumple exigencia
71;71,0%;4,8;Cumple exigencia
70;70,0%;4,8;Cumple exigencia
69;69,0%;4,7;Cumple exigencia
68;68,0%;4,6;Cumple exigencia
67;67,0%;4,5;Cumple exigencia
66;66,0%;4,5;Cumple exigencia
65;65,0%;4,4;Cumple exigencia
64;64,0%;4,3;Cumple exigencia
63;63,0%;4,2;Cumple exigencia
62;62,0%;4,2;Cumple exigencia
61;61,0%;4,1;Cumple exigencia
60;60,0%;4,0;Cumple exigencia
59;59,0%;4,0;Bajo exigencia
58;58,0%;3,9;Bajo exigencia
57;57,0%;3,9;Bajo exigencia
56;56,0%;3,8;Bajo exigencia
55;55,0%;3,8;Bajo exigencia
54;54,0%;3,7;Bajo exigencia
53;53,0%;3,7;Bajo exigencia
52;52,0%;3,6;Bajo exigencia
51;51,0%;3,6;Bajo exigencia
50;50,0%;3,5;Bajo exigencia
49;49,0%;3,5;Bajo exigencia
48;48,0%;3,4;Bajo exigencia
47;47,0%;3,4;Bajo exigencia
46;46,0%;3,3;Bajo exigencia
45;45,0%;3,3;Bajo exigencia
44;44,0%;3,2;Bajo exigencia
43;43,0%;3,2;Bajo exigencia
42;42,0%;3,1;Bajo exigencia
41;41,0%;3,1;Bajo exigencia
40;40,0%;3,0;Bajo exigencia
39;39,0%;3,0;Bajo exigencia
38;38,0%;2,9;Bajo exigencia
37;37,0%;2,9;Bajo exigencia
36;36,0%;2,8;Bajo exigencia
35;35,0%;2,8;Bajo exigencia
34;34,0%;2,7;Bajo exigencia
33;33,0%;2,7;Bajo exigencia
32;32,0%;2,6;Bajo exigencia
31;31,0%;2,6;Bajo exigencia
30;30,0%;2,5;Bajo exigencia
29;29,0%;2,5;Bajo exigencia
28;28,0%;2,4;Bajo exigencia
27;27,0%;2,4;Bajo exigencia
26;26,0%;2,3;Bajo exigencia
25;25,0%;2,3;Bajo exigencia
24;24,0%;2,2;Bajo exigencia
23;23,0%;2,2;Bajo exigencia
22;22,0%;2,1;Bajo exigencia
21;21,0%;2,1;Bajo exigencia
20;20,0%;2,0;Bajo exigencia
19;19,0%;2,0;Bajo exigencia
18;18,0%;1,9;Bajo exigencia
17;17,0%;1,9;Bajo exigencia
16;16,0%;1,8;Bajo exigencia
15;15,0%;1,8;Bajo exigencia
14;14,0%;1,7;Bajo exigencia
13;13,0%;1,7;Bajo exigencia
12;12,0%;1,6;Bajo exigencia
11;11,0%;1,6;Bajo exigencia
10;10,0%;1,5;Bajo exigencia
9;9,0%;1,5;Bajo exigencia
8;8,0%;1,4;Bajo exigencia
7;7,0%;1,4;Bajo exigencia
6;6,0%;1,3;Bajo exigencia
5;5,0%;1,3;Bajo exigencia
4;4,0%;1,2;Bajo exigencia
3;3,0%;1,2;Bajo exigencia
2;2,0%;1,1;Bajo exigencia
1;1,0%;1,1;Bajo exigencia
0;0,0%;1,0;Bajo exigencia
